Unnamed: 0,created_at,user,tweet,keyPhrases,keyWord
0,2022-10-24 23:53:50,pbrown4348,Explode after Extreme Flooding and Other Climate . Devastating in are driving the spread of disease ‚Äî and climate change is making such more common .,"['Extreme Flooding', 'Other Climate', 'climate change', 'Explode', 'Devastating', 'spread', 'disease']",Extreme Flooding
0,2022-10-24 23:53:50,pbrown4348,Explode after Extreme Flooding and Other Climate . Devastating in are driving the spread of disease ‚Äî and climate change is making such more common .,"['Extreme Flooding', 'Other Climate', 'climate change', 'Explode', 'Devastating', 'spread', 'disease']",Other Climate
0,2022-10-24 23:53:50,pbrown4348,Explode after Extreme Flooding and Other Climate . Devastating in are driving the spread of disease ‚Äî and climate change is making such more common .,"['Extreme Flooding', 'Other Climate', 'climate change', 'Explode', 'Devastating', 'spread', 'disease']",climate change
0,2022-10-24 23:53:50,pbrown4348,Explode after Extreme Flooding and Other Climate . Devastating in are driving the spread of disease ‚Äî and climate change is making such more common .,"['Extreme Flooding', 'Other Climate', 'climate change', 'Explode', 'Devastating', 'spread', 'disease']",Explode
0,2022-10-24 23:53:50,pbrown4348,Explode after Extreme Flooding and Other Climate . Devastating in are driving the spread of disease ‚Äî and climate change is making such more common .,"['Extreme Flooding', 'Other Climate', 'climate change', 'Explode', 'Devastating', 'spread', 'disease']",Devastating
0,2022-10-24 23:53:50,pbrown4348,Explode after Extreme Flooding and Other Climate . Devastating in are driving the spread of disease ‚Äî and climate change is making such more common .,"['Extreme Flooding', 'Other Climate', 'climate change', 'Explode', 'Devastating', 'spread', 'disease']",spread
0,2022-10-24 23:53:50,pbrown4348,Explode after Extreme Flooding and Other Climate . Devastating in are driving the spread of disease ‚Äî and climate change is making such more common .,"['Extreme Flooding', 'Other Climate', 'climate change', 'Explode', 'Devastating', 'spread', 'disease']",disease
1,2022-10-24 23:32:58,NgLabour,"News Flood : Obi , as , World on Climate Change","['News Flood', 'Climate Change', 'Obi', 'World']",News Flood
1,2022-10-24 23:32:58,NgLabour,"News Flood : Obi , as , World on Climate Change","['News Flood', 'Climate Change', 'Obi', 'World']",Climate Change
1,2022-10-24 23:32:58,NgLabour,"News Flood : Obi , as , World on Climate Change","['News Flood', 'Climate Change', 'Obi', 'World']",Obi
1,2022-10-24 23:32:58,NgLabour,"News Flood : Obi , as , World on Climate Change","['News Flood', 'Climate Change', 'Obi', 'World']",World
2,2022-10-24 23:09:20,YahooNews,"expect these to arise more often in the future , with climate change is raising the risk of more intense , heat and flooding , as well as that are more conducive to mosquito development ...","['climate change', 'mosquito development', 'future', 'risk', 'heat', 'flooding']",climate change
2,2022-10-24 23:09:20,YahooNews,"expect these to arise more often in the future , with climate change is raising the risk of more intense , heat and flooding , as well as that are more conducive to mosquito development ...","['climate change', 'mosquito development', 'future', 'risk', 'heat', 'flooding']",mosquito development
2,2022-10-24 23:09:20,YahooNews,"expect these to arise more often in the future , with climate change is raising the risk of more intense , heat and flooding , as well as that are more conducive to mosquito development ...","['climate change', 'mosquito development', 'future', 'risk', 'heat', 'flooding']",future
2,2022-10-24 23:09:20,YahooNews,"expect these to arise more often in the future , with climate change is raising the risk of more intense , heat and flooding , as well as that are more conducive to mosquito development ...","['climate change', 'mosquito development', 'future', 'risk', 'heat', 'flooding']",risk
2,2022-10-24 23:09:20,YahooNews,"expect these to arise more often in the future , with climate change is raising the risk of more intense , heat and flooding , as well as that are more conducive to mosquito development ...","['climate change', 'mosquito development', 'future', 'risk', 'heat', 'flooding']",heat
2,2022-10-24 23:09:20,YahooNews,"expect these to arise more often in the future , with climate change is raising the risk of more intense , heat and flooding , as well as that are more conducive to mosquito development ...","['climate change', 'mosquito development', 'future', 'risk', 'heat', 'flooding']",flooding
3,2022-10-24 23:09:18,timethief,Explode after Extreme Flooding and Other Climate . Devastating in are driving the spread of disease ‚Äî and climate change is making such more common,"['Extreme Flooding', 'Other Climate', 'climate change', 'Explode', 'Devastating', 'spread', 'disease']",Extreme Flooding
3,2022-10-24 23:09:18,timethief,Explode after Extreme Flooding and Other Climate . Devastating in are driving the spread of disease ‚Äî and climate change is making such more common,"['Extreme Flooding', 'Other Climate', 'climate change', 'Explode', 'Devastating', 'spread', 'disease']",Other Climate
3,2022-10-24 23:09:18,timethief,Explode after Extreme Flooding and Other Climate . Devastating in are driving the spread of disease ‚Äî and climate change is making such more common,"['Extreme Flooding', 'Other Climate', 'climate change', 'Explode', 'Devastating', 'spread', 'disease']",climate change
3,2022-10-24 23:09:18,timethief,Explode after Extreme Flooding and Other Climate . Devastating in are driving the spread of disease ‚Äî and climate change is making such more common,"['Extreme Flooding', 'Other Climate', 'climate change', 'Explode', 'Devastating', 'spread', 'disease']",Explode
3,2022-10-24 23:09:18,timethief,Explode after Extreme Flooding and Other Climate . Devastating in are driving the spread of disease ‚Äî and climate change is making such more common,"['Extreme Flooding', 'Other Climate', 'climate change', 'Explode', 'Devastating', 'spread', 'disease']",Devastating
3,2022-10-24 23:09:18,timethief,Explode after Extreme Flooding and Other Climate . Devastating in are driving the spread of disease ‚Äî and climate change is making such more common,"['Extreme Flooding', 'Other Climate', 'climate change', 'Explode', 'Devastating', 'spread', 'disease']",spread
3,2022-10-24 23:09:18,timethief,Explode after Extreme Flooding and Other Climate . Devastating in are driving the spread of disease ‚Äî and climate change is making such more common,"['Extreme Flooding', 'Other Climate', 'climate change', 'Explode', 'Devastating', 'spread', 'disease']",disease
4,2022-10-24 23:07:33,RustBeltMike,"Put underground . It ' s to build a climate - change - induced - flooding resistant car tunnel there now than it will be to rebuild everything for 2 west of the drive once we start getting once every 10 , 000 year every 5","['flooding resistant car tunnel', 'climate', 'change', 'everything', 'drive']",flooding resistant car tunnel
4,2022-10-24 23:07:33,RustBeltMike,"Put underground . It ' s to build a climate - change - induced - flooding resistant car tunnel there now than it will be to rebuild everything for 2 west of the drive once we start getting once every 10 , 000 year every 5","['flooding resistant car tunnel', 'climate', 'change', 'everything', 'drive']",climate
4,2022-10-24 23:07:33,RustBeltMike,"Put underground . It ' s to build a climate - change - induced - flooding resistant car tunnel there now than it will be to rebuild everything for 2 west of the drive once we start getting once every 10 , 000 year every 5","['flooding resistant car tunnel', 'climate', 'change', 'everything', 'drive']",change
4,2022-10-24 23:07:33,RustBeltMike,"Put underground . It ' s to build a climate - change - induced - flooding resistant car tunnel there now than it will be to rebuild everything for 2 west of the drive once we start getting once every 10 , 000 year every 5","['flooding resistant car tunnel', 'climate', 'change', 'everything', 'drive']",everything
4,2022-10-24 23:07:33,RustBeltMike,"Put underground . It ' s to build a climate - change - induced - flooding resistant car tunnel there now than it will be to rebuild everything for 2 west of the drive once we start getting once every 10 , 000 year every 5","['flooding resistant car tunnel', 'climate', 'change', 'everything', 'drive']",drive
5,2022-10-24 22:03:36,KudiratSh2,"The world is flooding , let us take against climate change","['climate change', 'world']",climate change
5,2022-10-24 22:03:36,KudiratSh2,"The world is flooding , let us take against climate change","['climate change', 'world']",world
6,2022-10-24 21:32:56,knarfnamduh,"You do that with increasing climate change predictive forecasting based on past history is almost impossible , don ' t you ? Uncertainty over weather and flood Gold Coast with more La disruption ahead","['increasing climate change predictive forecasting', 'past history', 'Gold Coast', 'La disruption', 'Uncertainty', 'weather', 'flood']",increasing climate change predictive forecasting
6,2022-10-24 21:32:56,knarfnamduh,"You do that with increasing climate change predictive forecasting based on past history is almost impossible , don ' t you ? Uncertainty over weather and flood Gold Coast with more La disruption ahead","['increasing climate change predictive forecasting', 'past history', 'Gold Coast', 'La disruption', 'Uncertainty', 'weather', 'flood']",past history
6,2022-10-24 21:32:56,knarfnamduh,"You do that with increasing climate change predictive forecasting based on past history is almost impossible , don ' t you ? Uncertainty over weather and flood Gold Coast with more La disruption ahead","['increasing climate change predictive forecasting', 'past history', 'Gold Coast', 'La disruption', 'Uncertainty', 'weather', 'flood']",Gold Coast
6,2022-10-24 21:32:56,knarfnamduh,"You do that with increasing climate change predictive forecasting based on past history is almost impossible , don ' t you ? Uncertainty over weather and flood Gold Coast with more La disruption ahead","['increasing climate change predictive forecasting', 'past history', 'Gold Coast', 'La disruption', 'Uncertainty', 'weather', 'flood']",La disruption
6,2022-10-24 21:32:56,knarfnamduh,"You do that with increasing climate change predictive forecasting based on past history is almost impossible , don ' t you ? Uncertainty over weather and flood Gold Coast with more La disruption ahead","['increasing climate change predictive forecasting', 'past history', 'Gold Coast', 'La disruption', 'Uncertainty', 'weather', 'flood']",Uncertainty
6,2022-10-24 21:32:56,knarfnamduh,"You do that with increasing climate change predictive forecasting based on past history is almost impossible , don ' t you ? Uncertainty over weather and flood Gold Coast with more La disruption ahead","['increasing climate change predictive forecasting', 'past history', 'Gold Coast', 'La disruption', 'Uncertainty', 'weather', 'flood']",weather
6,2022-10-24 21:32:56,knarfnamduh,"You do that with increasing climate change predictive forecasting based on past history is almost impossible , don ' t you ? Uncertainty over weather and flood Gold Coast with more La disruption ahead","['increasing climate change predictive forecasting', 'past history', 'Gold Coast', 'La disruption', 'Uncertainty', 'weather', 'flood']",flood
7,2022-10-24 20:59:07,2chevronsback,Please vote . Ensure your candidate is fighting climate change and is not a bigot,"['climate change', 'candidate', 'bigot']",climate change
7,2022-10-24 20:59:07,2chevronsback,Please vote . Ensure your candidate is fighting climate change and is not a bigot,"['climate change', 'candidate', 'bigot']",candidate
7,2022-10-24 20:59:07,2chevronsback,Please vote . Ensure your candidate is fighting climate change and is not a bigot,"['climate change', 'candidate', 'bigot']",bigot
8,2022-10-24 20:53:30,weatheralert15,"24 , 2022 üáªüá™ | heavy severe in State flooding storm Channel :",['State flooding storm Channel'],State flooding storm Channel
9,2022-10-24 20:41:53,terencescarter,"But that ' s , it ' s not like Mid ' s in the habit of housing on or anything ... and it ' s not like with climate change this kind of going to get worse ... weather : Flood Threat","['climate change', 'Flood Threat', 'Mid', 'habit', 'housing', 'weather']",climate change
9,2022-10-24 20:41:53,terencescarter,"But that ' s , it ' s not like Mid ' s in the habit of housing on or anything ... and it ' s not like with climate change this kind of going to get worse ... weather : Flood Threat","['climate change', 'Flood Threat', 'Mid', 'habit', 'housing', 'weather']",Flood Threat
9,2022-10-24 20:41:53,terencescarter,"But that ' s , it ' s not like Mid ' s in the habit of housing on or anything ... and it ' s not like with climate change this kind of going to get worse ... weather : Flood Threat","['climate change', 'Flood Threat', 'Mid', 'habit', 'housing', 'weather']",Mid
9,2022-10-24 20:41:53,terencescarter,"But that ' s , it ' s not like Mid ' s in the habit of housing on or anything ... and it ' s not like with climate change this kind of going to get worse ... weather : Flood Threat","['climate change', 'Flood Threat', 'Mid', 'habit', 'housing', 'weather']",habit
9,2022-10-24 20:41:53,terencescarter,"But that ' s , it ' s not like Mid ' s in the habit of housing on or anything ... and it ' s not like with climate change this kind of going to get worse ... weather : Flood Threat","['climate change', 'Flood Threat', 'Mid', 'habit', 'housing', 'weather']",housing
9,2022-10-24 20:41:53,terencescarter,"But that ' s , it ' s not like Mid ' s in the habit of housing on or anything ... and it ' s not like with climate change this kind of going to get worse ... weather : Flood Threat","['climate change', 'Flood Threat', 'Mid', 'habit', 'housing', 'weather']",weather
10,2022-10-24 20:20:11,srivlin,Loss of ' s access to reproductive care is flooding . Climate change is literally flooding . You ' re not for law & ; order if you Jan6 . besides cutting for the rich & ; for the rest of us .,"['reproductive care', 'Climate change', 'Loss', 'access', 'law', 'order', 'rich', 'rest']",reproductive care
10,2022-10-24 20:20:11,srivlin,Loss of ' s access to reproductive care is flooding . Climate change is literally flooding . You ' re not for law & ; order if you Jan6 . besides cutting for the rich & ; for the rest of us .,"['reproductive care', 'Climate change', 'Loss', 'access', 'law', 'order', 'rich', 'rest']",Climate change
10,2022-10-24 20:20:11,srivlin,Loss of ' s access to reproductive care is flooding . Climate change is literally flooding . You ' re not for law & ; order if you Jan6 . besides cutting for the rich & ; for the rest of us .,"['reproductive care', 'Climate change', 'Loss', 'access', 'law', 'order', 'rich', 'rest']",Loss
10,2022-10-24 20:20:11,srivlin,Loss of ' s access to reproductive care is flooding . Climate change is literally flooding . You ' re not for law & ; order if you Jan6 . besides cutting for the rich & ; for the rest of us .,"['reproductive care', 'Climate change', 'Loss', 'access', 'law', 'order', 'rich', 'rest']",access
10,2022-10-24 20:20:11,srivlin,Loss of ' s access to reproductive care is flooding . Climate change is literally flooding . You ' re not for law & ; order if you Jan6 . besides cutting for the rich & ; for the rest of us .,"['reproductive care', 'Climate change', 'Loss', 'access', 'law', 'order', 'rich', 'rest']",law
10,2022-10-24 20:20:11,srivlin,Loss of ' s access to reproductive care is flooding . Climate change is literally flooding . You ' re not for law & ; order if you Jan6 . besides cutting for the rich & ; for the rest of us .,"['reproductive care', 'Climate change', 'Loss', 'access', 'law', 'order', 'rich', 'rest']",order
10,2022-10-24 20:20:11,srivlin,Loss of ' s access to reproductive care is flooding . Climate change is literally flooding . You ' re not for law & ; order if you Jan6 . besides cutting for the rich & ; for the rest of us .,"['reproductive care', 'Climate change', 'Loss', 'access', 'law', 'order', 'rich', 'rest']",rich
10,2022-10-24 20:20:11,srivlin,Loss of ' s access to reproductive care is flooding . Climate change is literally flooding . You ' re not for law & ; order if you Jan6 . besides cutting for the rich & ; for the rest of us .,"['reproductive care', 'Climate change', 'Loss', 'access', 'law', 'order', 'rich', 'rest']",rest
11,2022-10-24 20:15:33,NuyddMu,"Our are amazing . They tackle climate change , protect wildlife , prevent flooding and help us to de - stress . I ‚Äô my support for the campaign , calling for 100 , 000 of to be in the .","['climate change', 'wildlife', 'flooding', 'stress', 'support', 'campaign']",climate change
11,2022-10-24 20:15:33,NuyddMu,"Our are amazing . They tackle climate change , protect wildlife , prevent flooding and help us to de - stress . I ‚Äô my support for the campaign , calling for 100 , 000 of to be in the .","['climate change', 'wildlife', 'flooding', 'stress', 'support', 'campaign']",wildlife
11,2022-10-24 20:15:33,NuyddMu,"Our are amazing . They tackle climate change , protect wildlife , prevent flooding and help us to de - stress . I ‚Äô my support for the campaign , calling for 100 , 000 of to be in the .","['climate change', 'wildlife', 'flooding', 'stress', 'support', 'campaign']",flooding
11,2022-10-24 20:15:33,NuyddMu,"Our are amazing . They tackle climate change , protect wildlife , prevent flooding and help us to de - stress . I ‚Äô my support for the campaign , calling for 100 , 000 of to be in the .","['climate change', 'wildlife', 'flooding', 'stress', 'support', 'campaign']",stress
11,2022-10-24 20:15:33,NuyddMu,"Our are amazing . They tackle climate change , protect wildlife , prevent flooding and help us to de - stress . I ‚Äô my support for the campaign , calling for 100 , 000 of to be in the .","['climate change', 'wildlife', 'flooding', 'stress', 'support', 'campaign']",support
11,2022-10-24 20:15:33,NuyddMu,"Our are amazing . They tackle climate change , protect wildlife , prevent flooding and help us to de - stress . I ‚Äô my support for the campaign , calling for 100 , 000 of to be in the .","['climate change', 'wildlife', 'flooding', 'stress', 'support', 'campaign']",campaign
12,2022-10-24 20:15:24,Bill_Flood,: How we manage could be crucial to climate change,['climate change'],climate change
13,2022-10-24 20:10:59,ChispaTexas,"Hurricane hit 5 ago . In a world without climate change , almost 50 , 000 would have been from flooding . It ‚Äô s the health of . We need action to ensure people are from and flooding .","['climate change', 'Hurricane', 'world', 'flooding', 'health', 'action', 'people']",climate change
13,2022-10-24 20:10:59,ChispaTexas,"Hurricane hit 5 ago . In a world without climate change , almost 50 , 000 would have been from flooding . It ‚Äô s the health of . We need action to ensure people are from and flooding .","['climate change', 'Hurricane', 'world', 'flooding', 'health', 'action', 'people']",Hurricane
13,2022-10-24 20:10:59,ChispaTexas,"Hurricane hit 5 ago . In a world without climate change , almost 50 , 000 would have been from flooding . It ‚Äô s the health of . We need action to ensure people are from and flooding .","['climate change', 'Hurricane', 'world', 'flooding', 'health', 'action', 'people']",world
13,2022-10-24 20:10:59,ChispaTexas,"Hurricane hit 5 ago . In a world without climate change , almost 50 , 000 would have been from flooding . It ‚Äô s the health of . We need action to ensure people are from and flooding .","['climate change', 'Hurricane', 'world', 'flooding', 'health', 'action', 'people']",flooding
13,2022-10-24 20:10:59,ChispaTexas,"Hurricane hit 5 ago . In a world without climate change , almost 50 , 000 would have been from flooding . It ‚Äô s the health of . We need action to ensure people are from and flooding .","['climate change', 'Hurricane', 'world', 'flooding', 'health', 'action', 'people']",health
13,2022-10-24 20:10:59,ChispaTexas,"Hurricane hit 5 ago . In a world without climate change , almost 50 , 000 would have been from flooding . It ‚Äô s the health of . We need action to ensure people are from and flooding .","['climate change', 'Hurricane', 'world', 'flooding', 'health', 'action', 'people']",action
13,2022-10-24 20:10:59,ChispaTexas,"Hurricane hit 5 ago . In a world without climate change , almost 50 , 000 would have been from flooding . It ‚Äô s the health of . We need action to ensure people are from and flooding .","['climate change', 'Hurricane', 'world', 'flooding', 'health', 'action', 'people']",people
14,2022-10-24 19:58:03,undesertdotcom,"Climate change catastrophic flood twice as likely , study | University of","['Climate change catastrophic flood', 'study', 'University']",Climate change catastrophic flood
14,2022-10-24 19:58:03,undesertdotcom,"Climate change catastrophic flood twice as likely , study | University of","['Climate change catastrophic flood', 'study', 'University']",study
14,2022-10-24 19:58:03,undesertdotcom,"Climate change catastrophic flood twice as likely , study | University of","['Climate change catastrophic flood', 'study', 'University']",University
15,2022-10-24 19:30:22,davidonformosa,The flood - prone community of in is on the of climate change -,"['prone community', 'climate change', 'flood']",prone community
15,2022-10-24 19:30:22,davidonformosa,The flood - prone community of in is on the of climate change -,"['prone community', 'climate change', 'flood']",climate change
15,2022-10-24 19:30:22,davidonformosa,The flood - prone community of in is on the of climate change -,"['prone community', 'climate change', 'flood']",flood
16,2022-10-24 19:14:48,europasaintsfc,It ‚Äô s about time we stopped this climate change nonsense and deal with the stark reality that flooding is actually by the of Arsenal,"['climate change nonsense', 'stark reality', 'time', 'flooding', 'Arsenal']",climate change nonsense
16,2022-10-24 19:14:48,europasaintsfc,It ‚Äô s about time we stopped this climate change nonsense and deal with the stark reality that flooding is actually by the of Arsenal,"['climate change nonsense', 'stark reality', 'time', 'flooding', 'Arsenal']",stark reality
16,2022-10-24 19:14:48,europasaintsfc,It ‚Äô s about time we stopped this climate change nonsense and deal with the stark reality that flooding is actually by the of Arsenal,"['climate change nonsense', 'stark reality', 'time', 'flooding', 'Arsenal']",time
16,2022-10-24 19:14:48,europasaintsfc,It ‚Äô s about time we stopped this climate change nonsense and deal with the stark reality that flooding is actually by the of Arsenal,"['climate change nonsense', 'stark reality', 'time', 'flooding', 'Arsenal']",flooding
16,2022-10-24 19:14:48,europasaintsfc,It ‚Äô s about time we stopped this climate change nonsense and deal with the stark reality that flooding is actually by the of Arsenal,"['climate change nonsense', 'stark reality', 'time', 'flooding', 'Arsenal']",Arsenal
17,2022-10-24 19:07:39,ResilienceUVA,"Natural can overwhelm water , especially older . As climate change and flooding , in water is a priority for public health and environmental justice across the U . S .","['climate change', 'public health', 'environmental justice', 'Natural', 'water', 'flooding', 'priority']",climate change
17,2022-10-24 19:07:39,ResilienceUVA,"Natural can overwhelm water , especially older . As climate change and flooding , in water is a priority for public health and environmental justice across the U . S .","['climate change', 'public health', 'environmental justice', 'Natural', 'water', 'flooding', 'priority']",public health
17,2022-10-24 19:07:39,ResilienceUVA,"Natural can overwhelm water , especially older . As climate change and flooding , in water is a priority for public health and environmental justice across the U . S .","['climate change', 'public health', 'environmental justice', 'Natural', 'water', 'flooding', 'priority']",environmental justice
17,2022-10-24 19:07:39,ResilienceUVA,"Natural can overwhelm water , especially older . As climate change and flooding , in water is a priority for public health and environmental justice across the U . S .","['climate change', 'public health', 'environmental justice', 'Natural', 'water', 'flooding', 'priority']",Natural
17,2022-10-24 19:07:39,ResilienceUVA,"Natural can overwhelm water , especially older . As climate change and flooding , in water is a priority for public health and environmental justice across the U . S .","['climate change', 'public health', 'environmental justice', 'Natural', 'water', 'flooding', 'priority']",water
17,2022-10-24 19:07:39,ResilienceUVA,"Natural can overwhelm water , especially older . As climate change and flooding , in water is a priority for public health and environmental justice across the U . S .","['climate change', 'public health', 'environmental justice', 'Natural', 'water', 'flooding', 'priority']",flooding
17,2022-10-24 19:07:39,ResilienceUVA,"Natural can overwhelm water , especially older . As climate change and flooding , in water is a priority for public health and environmental justice across the U . S .","['climate change', 'public health', 'environmental justice', 'Natural', 'water', 'flooding', 'priority']",priority
18,2022-10-24 18:51:42,Equity06961592,", , canada , , Japan , South , have experienced flooding & ; it ' s - climate change ' s real . ' s flood worse due to water from dam in . Travel there & ; see what he did . Not ur principal in crude steal ...","['climate change', 'crude steal', 'canada', 'Japan', 'South', 'flooding', 'water', 'dam', 'Travel']",climate change
18,2022-10-24 18:51:42,Equity06961592,", , canada , , Japan , South , have experienced flooding & ; it ' s - climate change ' s real . ' s flood worse due to water from dam in . Travel there & ; see what he did . Not ur principal in crude steal ...","['climate change', 'crude steal', 'canada', 'Japan', 'South', 'flooding', 'water', 'dam', 'Travel']",crude steal
18,2022-10-24 18:51:42,Equity06961592,", , canada , , Japan , South , have experienced flooding & ; it ' s - climate change ' s real . ' s flood worse due to water from dam in . Travel there & ; see what he did . Not ur principal in crude steal ...","['climate change', 'crude steal', 'canada', 'Japan', 'South', 'flooding', 'water', 'dam', 'Travel']",canada
18,2022-10-24 18:51:42,Equity06961592,", , canada , , Japan , South , have experienced flooding & ; it ' s - climate change ' s real . ' s flood worse due to water from dam in . Travel there & ; see what he did . Not ur principal in crude steal ...","['climate change', 'crude steal', 'canada', 'Japan', 'South', 'flooding', 'water', 'dam', 'Travel']",Japan
18,2022-10-24 18:51:42,Equity06961592,", , canada , , Japan , South , have experienced flooding & ; it ' s - climate change ' s real . ' s flood worse due to water from dam in . Travel there & ; see what he did . Not ur principal in crude steal ...","['climate change', 'crude steal', 'canada', 'Japan', 'South', 'flooding', 'water', 'dam', 'Travel']",South
18,2022-10-24 18:51:42,Equity06961592,", , canada , , Japan , South , have experienced flooding & ; it ' s - climate change ' s real . ' s flood worse due to water from dam in . Travel there & ; see what he did . Not ur principal in crude steal ...","['climate change', 'crude steal', 'canada', 'Japan', 'South', 'flooding', 'water', 'dam', 'Travel']",flooding
18,2022-10-24 18:51:42,Equity06961592,", , canada , , Japan , South , have experienced flooding & ; it ' s - climate change ' s real . ' s flood worse due to water from dam in . Travel there & ; see what he did . Not ur principal in crude steal ...","['climate change', 'crude steal', 'canada', 'Japan', 'South', 'flooding', 'water', 'dam', 'Travel']",water
18,2022-10-24 18:51:42,Equity06961592,", , canada , , Japan , South , have experienced flooding & ; it ' s - climate change ' s real . ' s flood worse due to water from dam in . Travel there & ; see what he did . Not ur principal in crude steal ...","['climate change', 'crude steal', 'canada', 'Japan', 'South', 'flooding', 'water', 'dam', 'Travel']",dam
18,2022-10-24 18:51:42,Equity06961592,", , canada , , Japan , South , have experienced flooding & ; it ' s - climate change ' s real . ' s flood worse due to water from dam in . Travel there & ; see what he did . Not ur principal in crude steal ...","['climate change', 'crude steal', 'canada', 'Japan', 'South', 'flooding', 'water', 'dam', 'Travel']",Travel
19,2022-10-24 18:51:34,MohdHAbdullahi,Excited to host the National President of to discuss the impact of flood & ; climate change on as a vulnerable group and mitigation via various . We also their participation at to rep gender .,"['National President', 'climate change', 'vulnerable group', 'impact', 'flood', 'mitigation', 'various', 'participation', 'gender']",National President
19,2022-10-24 18:51:34,MohdHAbdullahi,Excited to host the National President of to discuss the impact of flood & ; climate change on as a vulnerable group and mitigation via various . We also their participation at to rep gender .,"['National President', 'climate change', 'vulnerable group', 'impact', 'flood', 'mitigation', 'various', 'participation', 'gender']",climate change
19,2022-10-24 18:51:34,MohdHAbdullahi,Excited to host the National President of to discuss the impact of flood & ; climate change on as a vulnerable group and mitigation via various . We also their participation at to rep gender .,"['National President', 'climate change', 'vulnerable group', 'impact', 'flood', 'mitigation', 'various', 'participation', 'gender']",vulnerable group
19,2022-10-24 18:51:34,MohdHAbdullahi,Excited to host the National President of to discuss the impact of flood & ; climate change on as a vulnerable group and mitigation via various . We also their participation at to rep gender .,"['National President', 'climate change', 'vulnerable group', 'impact', 'flood', 'mitigation', 'various', 'participation', 'gender']",impact
19,2022-10-24 18:51:34,MohdHAbdullahi,Excited to host the National President of to discuss the impact of flood & ; climate change on as a vulnerable group and mitigation via various . We also their participation at to rep gender .,"['National President', 'climate change', 'vulnerable group', 'impact', 'flood', 'mitigation', 'various', 'participation', 'gender']",flood
19,2022-10-24 18:51:34,MohdHAbdullahi,Excited to host the National President of to discuss the impact of flood & ; climate change on as a vulnerable group and mitigation via various . We also their participation at to rep gender .,"['National President', 'climate change', 'vulnerable group', 'impact', 'flood', 'mitigation', 'various', 'participation', 'gender']",mitigation
19,2022-10-24 18:51:34,MohdHAbdullahi,Excited to host the National President of to discuss the impact of flood & ; climate change on as a vulnerable group and mitigation via various . We also their participation at to rep gender .,"['National President', 'climate change', 'vulnerable group', 'impact', 'flood', 'mitigation', 'various', 'participation', 'gender']",various
19,2022-10-24 18:51:34,MohdHAbdullahi,Excited to host the National President of to discuss the impact of flood & ; climate change on as a vulnerable group and mitigation via various . We also their participation at to rep gender .,"['National President', 'climate change', 'vulnerable group', 'impact', 'flood', 'mitigation', 'various', 'participation', 'gender']",participation
19,2022-10-24 18:51:34,MohdHAbdullahi,Excited to host the National President of to discuss the impact of flood & ; climate change on as a vulnerable group and mitigation via various . We also their participation at to rep gender .,"['National President', 'climate change', 'vulnerable group', 'impact', 'flood', 'mitigation', 'various', 'participation', 'gender']",gender
20,2022-10-24 18:18:16,Connected_dev,"‚Äú had enough time to set up and put in place , this flood is as a result of negligence and not taking climate change seriously ‚Äù We are and the health / food crisis it can lead to . Join the conversation","['health / food crisis', 'enough time', 'climate change', 'place', 'flood', 'result', 'negligence', 'conversation']",health / food crisis
20,2022-10-24 18:18:16,Connected_dev,"‚Äú had enough time to set up and put in place , this flood is as a result of negligence and not taking climate change seriously ‚Äù We are and the health / food crisis it can lead to . Join the conversation","['health / food crisis', 'enough time', 'climate change', 'place', 'flood', 'result', 'negligence', 'conversation']",enough time
20,2022-10-24 18:18:16,Connected_dev,"‚Äú had enough time to set up and put in place , this flood is as a result of negligence and not taking climate change seriously ‚Äù We are and the health / food crisis it can lead to . Join the conversation","['health / food crisis', 'enough time', 'climate change', 'place', 'flood', 'result', 'negligence', 'conversation']",climate change
20,2022-10-24 18:18:16,Connected_dev,"‚Äú had enough time to set up and put in place , this flood is as a result of negligence and not taking climate change seriously ‚Äù We are and the health / food crisis it can lead to . Join the conversation","['health / food crisis', 'enough time', 'climate change', 'place', 'flood', 'result', 'negligence', 'conversation']",place
20,2022-10-24 18:18:16,Connected_dev,"‚Äú had enough time to set up and put in place , this flood is as a result of negligence and not taking climate change seriously ‚Äù We are and the health / food crisis it can lead to . Join the conversation","['health / food crisis', 'enough time', 'climate change', 'place', 'flood', 'result', 'negligence', 'conversation']",flood
20,2022-10-24 18:18:16,Connected_dev,"‚Äú had enough time to set up and put in place , this flood is as a result of negligence and not taking climate change seriously ‚Äù We are and the health / food crisis it can lead to . Join the conversation","['health / food crisis', 'enough time', 'climate change', 'place', 'flood', 'result', 'negligence', 'conversation']",result
20,2022-10-24 18:18:16,Connected_dev,"‚Äú had enough time to set up and put in place , this flood is as a result of negligence and not taking climate change seriously ‚Äù We are and the health / food crisis it can lead to . Join the conversation","['health / food crisis', 'enough time', 'climate change', 'place', 'flood', 'result', 'negligence', 'conversation']",negligence
20,2022-10-24 18:18:16,Connected_dev,"‚Äú had enough time to set up and put in place , this flood is as a result of negligence and not taking climate change seriously ‚Äù We are and the health / food crisis it can lead to . Join the conversation","['health / food crisis', 'enough time', 'climate change', 'place', 'flood', 'result', 'negligence', 'conversation']",conversation
21,2022-10-24 18:04:42,onochieanyaoku,"Is it not incredulous that after the massive 2012 flood and the massive of climate change that did not bother to produce a flood prevention , mitigation and management plan ? Irresponsible leadership of the worst kind . You bet this directive","['massive 2012 flood', 'climate change', 'flood prevention', 'management plan', 'Irresponsible leadership', 'worst kind', 'mitigation', 'directive']",massive 2012 flood
21,2022-10-24 18:04:42,onochieanyaoku,"Is it not incredulous that after the massive 2012 flood and the massive of climate change that did not bother to produce a flood prevention , mitigation and management plan ? Irresponsible leadership of the worst kind . You bet this directive","['massive 2012 flood', 'climate change', 'flood prevention', 'management plan', 'Irresponsible leadership', 'worst kind', 'mitigation', 'directive']",climate change
21,2022-10-24 18:04:42,onochieanyaoku,"Is it not incredulous that after the massive 2012 flood and the massive of climate change that did not bother to produce a flood prevention , mitigation and management plan ? Irresponsible leadership of the worst kind . You bet this directive","['massive 2012 flood', 'climate change', 'flood prevention', 'management plan', 'Irresponsible leadership', 'worst kind', 'mitigation', 'directive']",flood prevention
21,2022-10-24 18:04:42,onochieanyaoku,"Is it not incredulous that after the massive 2012 flood and the massive of climate change that did not bother to produce a flood prevention , mitigation and management plan ? Irresponsible leadership of the worst kind . You bet this directive","['massive 2012 flood', 'climate change', 'flood prevention', 'management plan', 'Irresponsible leadership', 'worst kind', 'mitigation', 'directive']",management plan
21,2022-10-24 18:04:42,onochieanyaoku,"Is it not incredulous that after the massive 2012 flood and the massive of climate change that did not bother to produce a flood prevention , mitigation and management plan ? Irresponsible leadership of the worst kind . You bet this directive","['massive 2012 flood', 'climate change', 'flood prevention', 'management plan', 'Irresponsible leadership', 'worst kind', 'mitigation', 'directive']",Irresponsible leadership
21,2022-10-24 18:04:42,onochieanyaoku,"Is it not incredulous that after the massive 2012 flood and the massive of climate change that did not bother to produce a flood prevention , mitigation and management plan ? Irresponsible leadership of the worst kind . You bet this directive","['massive 2012 flood', 'climate change', 'flood prevention', 'management plan', 'Irresponsible leadership', 'worst kind', 'mitigation', 'directive']",worst kind
21,2022-10-24 18:04:42,onochieanyaoku,"Is it not incredulous that after the massive 2012 flood and the massive of climate change that did not bother to produce a flood prevention , mitigation and management plan ? Irresponsible leadership of the worst kind . You bet this directive","['massive 2012 flood', 'climate change', 'flood prevention', 'management plan', 'Irresponsible leadership', 'worst kind', 'mitigation', 'directive']",mitigation
21,2022-10-24 18:04:42,onochieanyaoku,"Is it not incredulous that after the massive 2012 flood and the massive of climate change that did not bother to produce a flood prevention , mitigation and management plan ? Irresponsible leadership of the worst kind . You bet this directive","['massive 2012 flood', 'climate change', 'flood prevention', 'management plan', 'Irresponsible leadership', 'worst kind', 'mitigation', 'directive']",directive
22,2022-10-24 17:51:12,MarcusSanford20,In 1897 OH had a rainstorm flood that had people from upper . Must have been climate change .,"['rainstorm flood', 'climate change', 'OH', 'people', 'upper']",rainstorm flood
22,2022-10-24 17:51:12,MarcusSanford20,In 1897 OH had a rainstorm flood that had people from upper . Must have been climate change .,"['rainstorm flood', 'climate change', 'OH', 'people', 'upper']",climate change
22,2022-10-24 17:51:12,MarcusSanford20,In 1897 OH had a rainstorm flood that had people from upper . Must have been climate change .,"['rainstorm flood', 'climate change', 'OH', 'people', 'upper']",OH
22,2022-10-24 17:51:12,MarcusSanford20,In 1897 OH had a rainstorm flood that had people from upper . Must have been climate change .,"['rainstorm flood', 'climate change', 'OH', 'people', 'upper']",people
22,2022-10-24 17:51:12,MarcusSanford20,In 1897 OH had a rainstorm flood that had people from upper . Must have been climate change .,"['rainstorm flood', 'climate change', 'OH', 'people', 'upper']",upper
23,2022-10-24 17:44:01,RESCUE_UK,West and Central is devastating flooding which is affecting 5 million people in 19 across the region . Climate change is leading to the most severe catastrophe the region seen in many .,"['devastating flooding', '5 million people', 'Climate change', 'severe catastrophe', 'West', 'Central', 'region']",devastating flooding
23,2022-10-24 17:44:01,RESCUE_UK,West and Central is devastating flooding which is affecting 5 million people in 19 across the region . Climate change is leading to the most severe catastrophe the region seen in many .,"['devastating flooding', '5 million people', 'Climate change', 'severe catastrophe', 'West', 'Central', 'region']",5 million people
23,2022-10-24 17:44:01,RESCUE_UK,West and Central is devastating flooding which is affecting 5 million people in 19 across the region . Climate change is leading to the most severe catastrophe the region seen in many .,"['devastating flooding', '5 million people', 'Climate change', 'severe catastrophe', 'West', 'Central', 'region']",Climate change
23,2022-10-24 17:44:01,RESCUE_UK,West and Central is devastating flooding which is affecting 5 million people in 19 across the region . Climate change is leading to the most severe catastrophe the region seen in many .,"['devastating flooding', '5 million people', 'Climate change', 'severe catastrophe', 'West', 'Central', 'region']",severe catastrophe
23,2022-10-24 17:44:01,RESCUE_UK,West and Central is devastating flooding which is affecting 5 million people in 19 across the region . Climate change is leading to the most severe catastrophe the region seen in many .,"['devastating flooding', '5 million people', 'Climate change', 'severe catastrophe', 'West', 'Central', 'region']",West
23,2022-10-24 17:44:01,RESCUE_UK,West and Central is devastating flooding which is affecting 5 million people in 19 across the region . Climate change is leading to the most severe catastrophe the region seen in many .,"['devastating flooding', '5 million people', 'Climate change', 'severe catastrophe', 'West', 'Central', 'region']",Central
23,2022-10-24 17:44:01,RESCUE_UK,West and Central is devastating flooding which is affecting 5 million people in 19 across the region . Climate change is leading to the most severe catastrophe the region seen in many .,"['devastating flooding', '5 million people', 'Climate change', 'severe catastrophe', 'West', 'Central', 'region']",region
24,2022-10-24 17:37:12,gecko39,"From 2008 to 2019 , he on Panel on Climate Change , scientific body city ‚Äô s to adapt infrastructure to climate . 21OCT2022 Most famously , he produced eerily precise where would flood .","['scientific body city', 'Climate Change', 'Panel', 'infrastructure']",scientific body city
24,2022-10-24 17:37:12,gecko39,"From 2008 to 2019 , he on Panel on Climate Change , scientific body city ‚Äô s to adapt infrastructure to climate . 21OCT2022 Most famously , he produced eerily precise where would flood .","['scientific body city', 'Climate Change', 'Panel', 'infrastructure']",Climate Change
24,2022-10-24 17:37:12,gecko39,"From 2008 to 2019 , he on Panel on Climate Change , scientific body city ‚Äô s to adapt infrastructure to climate . 21OCT2022 Most famously , he produced eerily precise where would flood .","['scientific body city', 'Climate Change', 'Panel', 'infrastructure']",Panel
24,2022-10-24 17:37:12,gecko39,"From 2008 to 2019 , he on Panel on Climate Change , scientific body city ‚Äô s to adapt infrastructure to climate . 21OCT2022 Most famously , he produced eerily precise where would flood .","['scientific body city', 'Climate Change', 'Panel', 'infrastructure']",infrastructure
25,2022-10-24 17:27:46,RmdSentinel,"With climate change and extreme weather becoming more frequent , people are to provide feedback about how best to prepare for future flooding in B . C .","['climate change', 'extreme weather', 'future flooding', 'people', 'feedback']",climate change
25,2022-10-24 17:27:46,RmdSentinel,"With climate change and extreme weather becoming more frequent , people are to provide feedback about how best to prepare for future flooding in B . C .","['climate change', 'extreme weather', 'future flooding', 'people', 'feedback']",extreme weather
25,2022-10-24 17:27:46,RmdSentinel,"With climate change and extreme weather becoming more frequent , people are to provide feedback about how best to prepare for future flooding in B . C .","['climate change', 'extreme weather', 'future flooding', 'people', 'feedback']",future flooding
25,2022-10-24 17:27:46,RmdSentinel,"With climate change and extreme weather becoming more frequent , people are to provide feedback about how best to prepare for future flooding in B . C .","['climate change', 'extreme weather', 'future flooding', 'people', 'feedback']",people
25,2022-10-24 17:27:46,RmdSentinel,"With climate change and extreme weather becoming more frequent , people are to provide feedback about how best to prepare for future flooding in B . C .","['climate change', 'extreme weather', 'future flooding', 'people', 'feedback']",feedback
26,2022-10-24 16:39:56,KarlieChronicle,An important look at the effects flooding will increasingly have on coastal by . Her account is a valuable source of on the effects of climate change and rising sea .,"['important look', 'valuable source', 'climate change', 'rising sea', 'effects', 'flooding', 'coastal', 'account']",important look
26,2022-10-24 16:39:56,KarlieChronicle,An important look at the effects flooding will increasingly have on coastal by . Her account is a valuable source of on the effects of climate change and rising sea .,"['important look', 'valuable source', 'climate change', 'rising sea', 'effects', 'flooding', 'coastal', 'account']",valuable source
26,2022-10-24 16:39:56,KarlieChronicle,An important look at the effects flooding will increasingly have on coastal by . Her account is a valuable source of on the effects of climate change and rising sea .,"['important look', 'valuable source', 'climate change', 'rising sea', 'effects', 'flooding', 'coastal', 'account']",climate change
26,2022-10-24 16:39:56,KarlieChronicle,An important look at the effects flooding will increasingly have on coastal by . Her account is a valuable source of on the effects of climate change and rising sea .,"['important look', 'valuable source', 'climate change', 'rising sea', 'effects', 'flooding', 'coastal', 'account']",rising sea
26,2022-10-24 16:39:56,KarlieChronicle,An important look at the effects flooding will increasingly have on coastal by . Her account is a valuable source of on the effects of climate change and rising sea .,"['important look', 'valuable source', 'climate change', 'rising sea', 'effects', 'flooding', 'coastal', 'account']",effects
26,2022-10-24 16:39:56,KarlieChronicle,An important look at the effects flooding will increasingly have on coastal by . Her account is a valuable source of on the effects of climate change and rising sea .,"['important look', 'valuable source', 'climate change', 'rising sea', 'effects', 'flooding', 'coastal', 'account']",flooding
26,2022-10-24 16:39:56,KarlieChronicle,An important look at the effects flooding will increasingly have on coastal by . Her account is a valuable source of on the effects of climate change and rising sea .,"['important look', 'valuable source', 'climate change', 'rising sea', 'effects', 'flooding', 'coastal', 'account']",coastal
26,2022-10-24 16:39:56,KarlieChronicle,An important look at the effects flooding will increasingly have on coastal by . Her account is a valuable source of on the effects of climate change and rising sea .,"['important look', 'valuable source', 'climate change', 'rising sea', 'effects', 'flooding', 'coastal', 'account']",account
27,2022-10-24 16:24:23,Yakubu_Prince1,"Vice - president Prof . SAN on flooding , climate change and creation for the advancement of Nation Economy growth and it development .","['Nation Economy growth', 'climate change', 'Vice', 'president', 'Prof', 'SAN', 'flooding', 'creation', 'advancement', 'development']",Nation Economy growth
27,2022-10-24 16:24:23,Yakubu_Prince1,"Vice - president Prof . SAN on flooding , climate change and creation for the advancement of Nation Economy growth and it development .","['Nation Economy growth', 'climate change', 'Vice', 'president', 'Prof', 'SAN', 'flooding', 'creation', 'advancement', 'development']",climate change
27,2022-10-24 16:24:23,Yakubu_Prince1,"Vice - president Prof . SAN on flooding , climate change and creation for the advancement of Nation Economy growth and it development .","['Nation Economy growth', 'climate change', 'Vice', 'president', 'Prof', 'SAN', 'flooding', 'creation', 'advancement', 'development']",Vice
27,2022-10-24 16:24:23,Yakubu_Prince1,"Vice - president Prof . SAN on flooding , climate change and creation for the advancement of Nation Economy growth and it development .","['Nation Economy growth', 'climate change', 'Vice', 'president', 'Prof', 'SAN', 'flooding', 'creation', 'advancement', 'development']",president
27,2022-10-24 16:24:23,Yakubu_Prince1,"Vice - president Prof . SAN on flooding , climate change and creation for the advancement of Nation Economy growth and it development .","['Nation Economy growth', 'climate change', 'Vice', 'president', 'Prof', 'SAN', 'flooding', 'creation', 'advancement', 'development']",Prof
27,2022-10-24 16:24:23,Yakubu_Prince1,"Vice - president Prof . SAN on flooding , climate change and creation for the advancement of Nation Economy growth and it development .","['Nation Economy growth', 'climate change', 'Vice', 'president', 'Prof', 'SAN', 'flooding', 'creation', 'advancement', 'development']",SAN
27,2022-10-24 16:24:23,Yakubu_Prince1,"Vice - president Prof . SAN on flooding , climate change and creation for the advancement of Nation Economy growth and it development .","['Nation Economy growth', 'climate change', 'Vice', 'president', 'Prof', 'SAN', 'flooding', 'creation', 'advancement', 'development']",flooding
27,2022-10-24 16:24:23,Yakubu_Prince1,"Vice - president Prof . SAN on flooding , climate change and creation for the advancement of Nation Economy growth and it development .","['Nation Economy growth', 'climate change', 'Vice', 'president', 'Prof', 'SAN', 'flooding', 'creation', 'advancement', 'development']",creation
27,2022-10-24 16:24:23,Yakubu_Prince1,"Vice - president Prof . SAN on flooding , climate change and creation for the advancement of Nation Economy growth and it development .","['Nation Economy growth', 'climate change', 'Vice', 'president', 'Prof', 'SAN', 'flooding', 'creation', 'advancement', 'development']",advancement
27,2022-10-24 16:24:23,Yakubu_Prince1,"Vice - president Prof . SAN on flooding , climate change and creation for the advancement of Nation Economy growth and it development .","['Nation Economy growth', 'climate change', 'Vice', 'president', 'Prof', 'SAN', 'flooding', 'creation', 'advancement', 'development']",development
28,2022-10-24 16:14:31,Fos_Feminista,"We are deeply by the devastating in üá≥üá¨. The country is suffering its worst flooding in a decade , largely because of climate change . This is a crisis that needs URGENT attention !","['worst flooding', 'climate change', 'URGENT attention', 'devastating', 'country', 'decade', 'crisis']",worst flooding
28,2022-10-24 16:14:31,Fos_Feminista,"We are deeply by the devastating in üá≥üá¨. The country is suffering its worst flooding in a decade , largely because of climate change . This is a crisis that needs URGENT attention !","['worst flooding', 'climate change', 'URGENT attention', 'devastating', 'country', 'decade', 'crisis']",climate change
28,2022-10-24 16:14:31,Fos_Feminista,"We are deeply by the devastating in üá≥üá¨. The country is suffering its worst flooding in a decade , largely because of climate change . This is a crisis that needs URGENT attention !","['worst flooding', 'climate change', 'URGENT attention', 'devastating', 'country', 'decade', 'crisis']",URGENT attention
28,2022-10-24 16:14:31,Fos_Feminista,"We are deeply by the devastating in üá≥üá¨. The country is suffering its worst flooding in a decade , largely because of climate change . This is a crisis that needs URGENT attention !","['worst flooding', 'climate change', 'URGENT attention', 'devastating', 'country', 'decade', 'crisis']",devastating
28,2022-10-24 16:14:31,Fos_Feminista,"We are deeply by the devastating in üá≥üá¨. The country is suffering its worst flooding in a decade , largely because of climate change . This is a crisis that needs URGENT attention !","['worst flooding', 'climate change', 'URGENT attention', 'devastating', 'country', 'decade', 'crisis']",country
28,2022-10-24 16:14:31,Fos_Feminista,"We are deeply by the devastating in üá≥üá¨. The country is suffering its worst flooding in a decade , largely because of climate change . This is a crisis that needs URGENT attention !","['worst flooding', 'climate change', 'URGENT attention', 'devastating', 'country', 'decade', 'crisis']",decade
28,2022-10-24 16:14:31,Fos_Feminista,"We are deeply by the devastating in üá≥üá¨. The country is suffering its worst flooding in a decade , largely because of climate change . This is a crisis that needs URGENT attention !","['worst flooding', 'climate change', 'URGENT attention', 'devastating', 'country', 'decade', 'crisis']",crisis
29,2022-10-24 16:13:58,dejohncatalyst,CATALYST HIS GRIEF TO OF FLOOD IN AND ALSO FOR MAXIMUM PREPAREDNESS FOR CLIMATE CHANGE .,"['MAXIMUM PREPAREDNESS', 'CLIMATE CHANGE', 'CATALYST', 'GRIEF', 'FLOOD']",MAXIMUM PREPAREDNESS
29,2022-10-24 16:13:58,dejohncatalyst,CATALYST HIS GRIEF TO OF FLOOD IN AND ALSO FOR MAXIMUM PREPAREDNESS FOR CLIMATE CHANGE .,"['MAXIMUM PREPAREDNESS', 'CLIMATE CHANGE', 'CATALYST', 'GRIEF', 'FLOOD']",CLIMATE CHANGE
29,2022-10-24 16:13:58,dejohncatalyst,CATALYST HIS GRIEF TO OF FLOOD IN AND ALSO FOR MAXIMUM PREPAREDNESS FOR CLIMATE CHANGE .,"['MAXIMUM PREPAREDNESS', 'CLIMATE CHANGE', 'CATALYST', 'GRIEF', 'FLOOD']",CATALYST
29,2022-10-24 16:13:58,dejohncatalyst,CATALYST HIS GRIEF TO OF FLOOD IN AND ALSO FOR MAXIMUM PREPAREDNESS FOR CLIMATE CHANGE .,"['MAXIMUM PREPAREDNESS', 'CLIMATE CHANGE', 'CATALYST', 'GRIEF', 'FLOOD']",GRIEF
29,2022-10-24 16:13:58,dejohncatalyst,CATALYST HIS GRIEF TO OF FLOOD IN AND ALSO FOR MAXIMUM PREPAREDNESS FOR CLIMATE CHANGE .,"['MAXIMUM PREPAREDNESS', 'CLIMATE CHANGE', 'CATALYST', 'GRIEF', 'FLOOD']",FLOOD
30,2022-10-24 16:01:14,GIOCanada,"As climate change to thrust into an increasingly unpredictable future , the province is calling on the public to provide input on a new plan to strengthen flood preparedness .","['climate change', 'unpredictable future', 'new plan', 'flood preparedness', 'province', 'public', 'input']",climate change
30,2022-10-24 16:01:14,GIOCanada,"As climate change to thrust into an increasingly unpredictable future , the province is calling on the public to provide input on a new plan to strengthen flood preparedness .","['climate change', 'unpredictable future', 'new plan', 'flood preparedness', 'province', 'public', 'input']",unpredictable future
30,2022-10-24 16:01:14,GIOCanada,"As climate change to thrust into an increasingly unpredictable future , the province is calling on the public to provide input on a new plan to strengthen flood preparedness .","['climate change', 'unpredictable future', 'new plan', 'flood preparedness', 'province', 'public', 'input']",new plan
30,2022-10-24 16:01:14,GIOCanada,"As climate change to thrust into an increasingly unpredictable future , the province is calling on the public to provide input on a new plan to strengthen flood preparedness .","['climate change', 'unpredictable future', 'new plan', 'flood preparedness', 'province', 'public', 'input']",flood preparedness
30,2022-10-24 16:01:14,GIOCanada,"As climate change to thrust into an increasingly unpredictable future , the province is calling on the public to provide input on a new plan to strengthen flood preparedness .","['climate change', 'unpredictable future', 'new plan', 'flood preparedness', 'province', 'public', 'input']",province
30,2022-10-24 16:01:14,GIOCanada,"As climate change to thrust into an increasingly unpredictable future , the province is calling on the public to provide input on a new plan to strengthen flood preparedness .","['climate change', 'unpredictable future', 'new plan', 'flood preparedness', 'province', 'public', 'input']",public
30,2022-10-24 16:01:14,GIOCanada,"As climate change to thrust into an increasingly unpredictable future , the province is calling on the public to provide input on a new plan to strengthen flood preparedness .","['climate change', 'unpredictable future', 'new plan', 'flood preparedness', 'province', 'public', 'input']",input
31,2022-10-24 16:00:04,NWSBayArea,‚Äô s extreme by climate change more unpredictable weather . We can go from - year to record - setting . Find more information on how to prepare for flood here :,"['climate change', 'unpredictable weather', 'year', 'record', 'information', 'flood']",climate change
31,2022-10-24 16:00:04,NWSBayArea,‚Äô s extreme by climate change more unpredictable weather . We can go from - year to record - setting . Find more information on how to prepare for flood here :,"['climate change', 'unpredictable weather', 'year', 'record', 'information', 'flood']",unpredictable weather
31,2022-10-24 16:00:04,NWSBayArea,‚Äô s extreme by climate change more unpredictable weather . We can go from - year to record - setting . Find more information on how to prepare for flood here :,"['climate change', 'unpredictable weather', 'year', 'record', 'information', 'flood']",year
31,2022-10-24 16:00:04,NWSBayArea,‚Äô s extreme by climate change more unpredictable weather . We can go from - year to record - setting . Find more information on how to prepare for flood here :,"['climate change', 'unpredictable weather', 'year', 'record', 'information', 'flood']",record
31,2022-10-24 16:00:04,NWSBayArea,‚Äô s extreme by climate change more unpredictable weather . We can go from - year to record - setting . Find more information on how to prepare for flood here :,"['climate change', 'unpredictable weather', 'year', 'record', 'information', 'flood']",information
31,2022-10-24 16:00:04,NWSBayArea,‚Äô s extreme by climate change more unpredictable weather . We can go from - year to record - setting . Find more information on how to prepare for flood here :,"['climate change', 'unpredictable weather', 'year', 'record', 'information', 'flood']",flood
32,2022-10-24 16:00:04,frankgalliford,"Climate change ‚Äò growing threat ‚Äô to health in , expert Exclusive : Prof Dame Jenny of to food security , flooding and insect - borne","['Prof Dame Jenny', 'Climate change', 'growing threat', 'food security', 'health', 'expert', 'flooding', 'insect']",Prof Dame Jenny
32,2022-10-24 16:00:04,frankgalliford,"Climate change ‚Äò growing threat ‚Äô to health in , expert Exclusive : Prof Dame Jenny of to food security , flooding and insect - borne","['Prof Dame Jenny', 'Climate change', 'growing threat', 'food security', 'health', 'expert', 'flooding', 'insect']",Climate change
32,2022-10-24 16:00:04,frankgalliford,"Climate change ‚Äò growing threat ‚Äô to health in , expert Exclusive : Prof Dame Jenny of to food security , flooding and insect - borne","['Prof Dame Jenny', 'Climate change', 'growing threat', 'food security', 'health', 'expert', 'flooding', 'insect']",growing threat
32,2022-10-24 16:00:04,frankgalliford,"Climate change ‚Äò growing threat ‚Äô to health in , expert Exclusive : Prof Dame Jenny of to food security , flooding and insect - borne","['Prof Dame Jenny', 'Climate change', 'growing threat', 'food security', 'health', 'expert', 'flooding', 'insect']",food security
32,2022-10-24 16:00:04,frankgalliford,"Climate change ‚Äò growing threat ‚Äô to health in , expert Exclusive : Prof Dame Jenny of to food security , flooding and insect - borne","['Prof Dame Jenny', 'Climate change', 'growing threat', 'food security', 'health', 'expert', 'flooding', 'insect']",health
32,2022-10-24 16:00:04,frankgalliford,"Climate change ‚Äò growing threat ‚Äô to health in , expert Exclusive : Prof Dame Jenny of to food security , flooding and insect - borne","['Prof Dame Jenny', 'Climate change', 'growing threat', 'food security', 'health', 'expert', 'flooding', 'insect']",expert
32,2022-10-24 16:00:04,frankgalliford,"Climate change ‚Äò growing threat ‚Äô to health in , expert Exclusive : Prof Dame Jenny of to food security , flooding and insect - borne","['Prof Dame Jenny', 'Climate change', 'growing threat', 'food security', 'health', 'expert', 'flooding', 'insect']",flooding
32,2022-10-24 16:00:04,frankgalliford,"Climate change ‚Äò growing threat ‚Äô to health in , expert Exclusive : Prof Dame Jenny of to food security , flooding and insect - borne","['Prof Dame Jenny', 'Climate change', 'growing threat', 'food security', 'health', 'expert', 'flooding', 'insect']",insect
33,2022-10-24 15:53:33,PanditRamJoshi,To make people believe in climate change ‚Ä¶ they should have the ability to change the weather however they want like the mysterious technology . Then they can create unprecedented and flood and scare people . Then people will do anything they want for climate .,"['mysterious technology', 'climate change', 'people', 'ability', 'weather', 'unprecedented', 'flood']",mysterious technology
33,2022-10-24 15:53:33,PanditRamJoshi,To make people believe in climate change ‚Ä¶ they should have the ability to change the weather however they want like the mysterious technology . Then they can create unprecedented and flood and scare people . Then people will do anything they want for climate .,"['mysterious technology', 'climate change', 'people', 'ability', 'weather', 'unprecedented', 'flood']",climate change
33,2022-10-24 15:53:33,PanditRamJoshi,To make people believe in climate change ‚Ä¶ they should have the ability to change the weather however they want like the mysterious technology . Then they can create unprecedented and flood and scare people . Then people will do anything they want for climate .,"['mysterious technology', 'climate change', 'people', 'ability', 'weather', 'unprecedented', 'flood']",people
33,2022-10-24 15:53:33,PanditRamJoshi,To make people believe in climate change ‚Ä¶ they should have the ability to change the weather however they want like the mysterious technology . Then they can create unprecedented and flood and scare people . Then people will do anything they want for climate .,"['mysterious technology', 'climate change', 'people', 'ability', 'weather', 'unprecedented', 'flood']",ability
33,2022-10-24 15:53:33,PanditRamJoshi,To make people believe in climate change ‚Ä¶ they should have the ability to change the weather however they want like the mysterious technology . Then they can create unprecedented and flood and scare people . Then people will do anything they want for climate .,"['mysterious technology', 'climate change', 'people', 'ability', 'weather', 'unprecedented', 'flood']",weather
33,2022-10-24 15:53:33,PanditRamJoshi,To make people believe in climate change ‚Ä¶ they should have the ability to change the weather however they want like the mysterious technology . Then they can create unprecedented and flood and scare people . Then people will do anything they want for climate .,"['mysterious technology', 'climate change', 'people', 'ability', 'weather', 'unprecedented', 'flood']",unprecedented
33,2022-10-24 15:53:33,PanditRamJoshi,To make people believe in climate change ‚Ä¶ they should have the ability to change the weather however they want like the mysterious technology . Then they can create unprecedented and flood and scare people . Then people will do anything they want for climate .,"['mysterious technology', 'climate change', 'people', 'ability', 'weather', 'unprecedented', 'flood']",flood
34,2022-10-24 15:45:40,oladejiolalek20,"Vice - president Prof . SAN on flooding , climate change and creation for the advancement of Nation Economy growth .","['Nation Economy growth', 'climate change', 'Vice', 'president', 'Prof', 'SAN', 'flooding', 'creation', 'advancement']",Nation Economy growth
34,2022-10-24 15:45:40,oladejiolalek20,"Vice - president Prof . SAN on flooding , climate change and creation for the advancement of Nation Economy growth .","['Nation Economy growth', 'climate change', 'Vice', 'president', 'Prof', 'SAN', 'flooding', 'creation', 'advancement']",climate change
34,2022-10-24 15:45:40,oladejiolalek20,"Vice - president Prof . SAN on flooding , climate change and creation for the advancement of Nation Economy growth .","['Nation Economy growth', 'climate change', 'Vice', 'president', 'Prof', 'SAN', 'flooding', 'creation', 'advancement']",Vice
34,2022-10-24 15:45:40,oladejiolalek20,"Vice - president Prof . SAN on flooding , climate change and creation for the advancement of Nation Economy growth .","['Nation Economy growth', 'climate change', 'Vice', 'president', 'Prof', 'SAN', 'flooding', 'creation', 'advancement']",president
34,2022-10-24 15:45:40,oladejiolalek20,"Vice - president Prof . SAN on flooding , climate change and creation for the advancement of Nation Economy growth .","['Nation Economy growth', 'climate change', 'Vice', 'president', 'Prof', 'SAN', 'flooding', 'creation', 'advancement']",Prof
34,2022-10-24 15:45:40,oladejiolalek20,"Vice - president Prof . SAN on flooding , climate change and creation for the advancement of Nation Economy growth .","['Nation Economy growth', 'climate change', 'Vice', 'president', 'Prof', 'SAN', 'flooding', 'creation', 'advancement']",SAN
34,2022-10-24 15:45:40,oladejiolalek20,"Vice - president Prof . SAN on flooding , climate change and creation for the advancement of Nation Economy growth .","['Nation Economy growth', 'climate change', 'Vice', 'president', 'Prof', 'SAN', 'flooding', 'creation', 'advancement']",flooding
34,2022-10-24 15:45:40,oladejiolalek20,"Vice - president Prof . SAN on flooding , climate change and creation for the advancement of Nation Economy growth .","['Nation Economy growth', 'climate change', 'Vice', 'president', 'Prof', 'SAN', 'flooding', 'creation', 'advancement']",creation
34,2022-10-24 15:45:40,oladejiolalek20,"Vice - president Prof . SAN on flooding , climate change and creation for the advancement of Nation Economy growth .","['Nation Economy growth', 'climate change', 'Vice', 'president', 'Prof', 'SAN', 'flooding', 'creation', 'advancement']",advancement
35,2022-10-24 15:45:40,AmooRonke,"Vice - president Prof . SAN on flooding , climate change and creation for the advancement of Nation Economy growth .","['Nation Economy growth', 'climate change', 'Vice', 'president', 'Prof', 'SAN', 'flooding', 'creation', 'advancement']",Nation Economy growth
35,2022-10-24 15:45:40,AmooRonke,"Vice - president Prof . SAN on flooding , climate change and creation for the advancement of Nation Economy growth .","['Nation Economy growth', 'climate change', 'Vice', 'president', 'Prof', 'SAN', 'flooding', 'creation', 'advancement']",climate change
35,2022-10-24 15:45:40,AmooRonke,"Vice - president Prof . SAN on flooding , climate change and creation for the advancement of Nation Economy growth .","['Nation Economy growth', 'climate change', 'Vice', 'president', 'Prof', 'SAN', 'flooding', 'creation', 'advancement']",Vice
35,2022-10-24 15:45:40,AmooRonke,"Vice - president Prof . SAN on flooding , climate change and creation for the advancement of Nation Economy growth .","['Nation Economy growth', 'climate change', 'Vice', 'president', 'Prof', 'SAN', 'flooding', 'creation', 'advancement']",president
35,2022-10-24 15:45:40,AmooRonke,"Vice - president Prof . SAN on flooding , climate change and creation for the advancement of Nation Economy growth .","['Nation Economy growth', 'climate change', 'Vice', 'president', 'Prof', 'SAN', 'flooding', 'creation', 'advancement']",Prof
35,2022-10-24 15:45:40,AmooRonke,"Vice - president Prof . SAN on flooding , climate change and creation for the advancement of Nation Economy growth .","['Nation Economy growth', 'climate change', 'Vice', 'president', 'Prof', 'SAN', 'flooding', 'creation', 'advancement']",SAN
35,2022-10-24 15:45:40,AmooRonke,"Vice - president Prof . SAN on flooding , climate change and creation for the advancement of Nation Economy growth .","['Nation Economy growth', 'climate change', 'Vice', 'president', 'Prof', 'SAN', 'flooding', 'creation', 'advancement']",flooding
35,2022-10-24 15:45:40,AmooRonke,"Vice - president Prof . SAN on flooding , climate change and creation for the advancement of Nation Economy growth .","['Nation Economy growth', 'climate change', 'Vice', 'president', 'Prof', 'SAN', 'flooding', 'creation', 'advancement']",creation
35,2022-10-24 15:45:40,AmooRonke,"Vice - president Prof . SAN on flooding , climate change and creation for the advancement of Nation Economy growth .","['Nation Economy growth', 'climate change', 'Vice', 'president', 'Prof', 'SAN', 'flooding', 'creation', 'advancement']",advancement
36,2022-10-24 15:45:39,oladejiolalek20,"Vice - president Prof . SAN on flooding , climate change and creation for the advancement of Nation Economy growth .","['Nation Economy growth', 'climate change', 'Vice', 'president', 'Prof', 'SAN', 'flooding', 'creation', 'advancement']",Nation Economy growth
36,2022-10-24 15:45:39,oladejiolalek20,"Vice - president Prof . SAN on flooding , climate change and creation for the advancement of Nation Economy growth .","['Nation Economy growth', 'climate change', 'Vice', 'president', 'Prof', 'SAN', 'flooding', 'creation', 'advancement']",climate change
36,2022-10-24 15:45:39,oladejiolalek20,"Vice - president Prof . SAN on flooding , climate change and creation for the advancement of Nation Economy growth .","['Nation Economy growth', 'climate change', 'Vice', 'president', 'Prof', 'SAN', 'flooding', 'creation', 'advancement']",Vice
36,2022-10-24 15:45:39,oladejiolalek20,"Vice - president Prof . SAN on flooding , climate change and creation for the advancement of Nation Economy growth .","['Nation Economy growth', 'climate change', 'Vice', 'president', 'Prof', 'SAN', 'flooding', 'creation', 'advancement']",president
36,2022-10-24 15:45:39,oladejiolalek20,"Vice - president Prof . SAN on flooding , climate change and creation for the advancement of Nation Economy growth .","['Nation Economy growth', 'climate change', 'Vice', 'president', 'Prof', 'SAN', 'flooding', 'creation', 'advancement']",Prof
36,2022-10-24 15:45:39,oladejiolalek20,"Vice - president Prof . SAN on flooding , climate change and creation for the advancement of Nation Economy growth .","['Nation Economy growth', 'climate change', 'Vice', 'president', 'Prof', 'SAN', 'flooding', 'creation', 'advancement']",SAN
36,2022-10-24 15:45:39,oladejiolalek20,"Vice - president Prof . SAN on flooding , climate change and creation for the advancement of Nation Economy growth .","['Nation Economy growth', 'climate change', 'Vice', 'president', 'Prof', 'SAN', 'flooding', 'creation', 'advancement']",flooding
36,2022-10-24 15:45:39,oladejiolalek20,"Vice - president Prof . SAN on flooding , climate change and creation for the advancement of Nation Economy growth .","['Nation Economy growth', 'climate change', 'Vice', 'president', 'Prof', 'SAN', 'flooding', 'creation', 'advancement']",creation
36,2022-10-24 15:45:39,oladejiolalek20,"Vice - president Prof . SAN on flooding , climate change and creation for the advancement of Nation Economy growth .","['Nation Economy growth', 'climate change', 'Vice', 'president', 'Prof', 'SAN', 'flooding', 'creation', 'advancement']",advancement
37,2022-10-24 15:44:03,DJforHumans,"Do also have to pay for the rising insurance of flood , fire , and wind insurance due to climate change ?","['rising insurance', 'wind insurance', 'climate change', 'flood', 'fire']",rising insurance
37,2022-10-24 15:44:03,DJforHumans,"Do also have to pay for the rising insurance of flood , fire , and wind insurance due to climate change ?","['rising insurance', 'wind insurance', 'climate change', 'flood', 'fire']",wind insurance
37,2022-10-24 15:44:03,DJforHumans,"Do also have to pay for the rising insurance of flood , fire , and wind insurance due to climate change ?","['rising insurance', 'wind insurance', 'climate change', 'flood', 'fire']",climate change
37,2022-10-24 15:44:03,DJforHumans,"Do also have to pay for the rising insurance of flood , fire , and wind insurance due to climate change ?","['rising insurance', 'wind insurance', 'climate change', 'flood', 'fire']",flood
37,2022-10-24 15:44:03,DJforHumans,"Do also have to pay for the rising insurance of flood , fire , and wind insurance due to climate change ?","['rising insurance', 'wind insurance', 'climate change', 'flood', 'fire']",fire
38,2022-10-24 15:38:06,JunagarhMedia,It ' t be good but what needs is a / type flooding event to shut the moronic climate change percentage of climate change causing people up .,"['moronic climate change percentage', 'type flooding event', 'people']",moronic climate change percentage
38,2022-10-24 15:38:06,JunagarhMedia,It ' t be good but what needs is a / type flooding event to shut the moronic climate change percentage of climate change causing people up .,"['moronic climate change percentage', 'type flooding event', 'people']",type flooding event
38,2022-10-24 15:38:06,JunagarhMedia,It ' t be good but what needs is a / type flooding event to shut the moronic climate change percentage of climate change causing people up .,"['moronic climate change percentage', 'type flooding event', 'people']",people
39,2022-10-24 15:36:47,AlexSKolker,"For many people , climate change our . This is the lab where I work one day this spring . As climate and sea rise , flooding . Climate change is a workplace issue . climate action","['many people', 'sea rise', 'workplace issue', 'Climate change', 'climate action', 'lab']",many people
39,2022-10-24 15:36:47,AlexSKolker,"For many people , climate change our . This is the lab where I work one day this spring . As climate and sea rise , flooding . Climate change is a workplace issue . climate action","['many people', 'sea rise', 'workplace issue', 'Climate change', 'climate action', 'lab']",sea rise
39,2022-10-24 15:36:47,AlexSKolker,"For many people , climate change our . This is the lab where I work one day this spring . As climate and sea rise , flooding . Climate change is a workplace issue . climate action","['many people', 'sea rise', 'workplace issue', 'Climate change', 'climate action', 'lab']",workplace issue
39,2022-10-24 15:36:47,AlexSKolker,"For many people , climate change our . This is the lab where I work one day this spring . As climate and sea rise , flooding . Climate change is a workplace issue . climate action","['many people', 'sea rise', 'workplace issue', 'Climate change', 'climate action', 'lab']",Climate change
39,2022-10-24 15:36:47,AlexSKolker,"For many people , climate change our . This is the lab where I work one day this spring . As climate and sea rise , flooding . Climate change is a workplace issue . climate action","['many people', 'sea rise', 'workplace issue', 'Climate change', 'climate action', 'lab']",climate action
39,2022-10-24 15:36:47,AlexSKolker,"For many people , climate change our . This is the lab where I work one day this spring . As climate and sea rise , flooding . Climate change is a workplace issue . climate action","['many people', 'sea rise', 'workplace issue', 'Climate change', 'climate action', 'lab']",lab
40,2022-10-24 15:31:34,landatthebottom,"Oh , it its tweet explaining that the flood was down to climate change .","['climate change', 'tweet', 'flood']",climate change
40,2022-10-24 15:31:34,landatthebottom,"Oh , it its tweet explaining that the flood was down to climate change .","['climate change', 'tweet', 'flood']",tweet
40,2022-10-24 15:31:34,landatthebottom,"Oh , it its tweet explaining that the flood was down to climate change .","['climate change', 'tweet', 'flood']",flood
41,2022-10-24 15:14:13,marthavalenta,"Gas are high . Inflation . How we move forward after the unprecedented drought , fire , flooding , and .... after seeing these early of Climate Change is on the ballot . Vote","['unprecedented drought', 'Climate Change', 'Gas', 'Inflation', 'fire', 'flooding', 'ballot', 'Vote']",unprecedented drought
41,2022-10-24 15:14:13,marthavalenta,"Gas are high . Inflation . How we move forward after the unprecedented drought , fire , flooding , and .... after seeing these early of Climate Change is on the ballot . Vote","['unprecedented drought', 'Climate Change', 'Gas', 'Inflation', 'fire', 'flooding', 'ballot', 'Vote']",Climate Change
41,2022-10-24 15:14:13,marthavalenta,"Gas are high . Inflation . How we move forward after the unprecedented drought , fire , flooding , and .... after seeing these early of Climate Change is on the ballot . Vote","['unprecedented drought', 'Climate Change', 'Gas', 'Inflation', 'fire', 'flooding', 'ballot', 'Vote']",Gas
41,2022-10-24 15:14:13,marthavalenta,"Gas are high . Inflation . How we move forward after the unprecedented drought , fire , flooding , and .... after seeing these early of Climate Change is on the ballot . Vote","['unprecedented drought', 'Climate Change', 'Gas', 'Inflation', 'fire', 'flooding', 'ballot', 'Vote']",Inflation
41,2022-10-24 15:14:13,marthavalenta,"Gas are high . Inflation . How we move forward after the unprecedented drought , fire , flooding , and .... after seeing these early of Climate Change is on the ballot . Vote","['unprecedented drought', 'Climate Change', 'Gas', 'Inflation', 'fire', 'flooding', 'ballot', 'Vote']",fire
41,2022-10-24 15:14:13,marthavalenta,"Gas are high . Inflation . How we move forward after the unprecedented drought , fire , flooding , and .... after seeing these early of Climate Change is on the ballot . Vote","['unprecedented drought', 'Climate Change', 'Gas', 'Inflation', 'fire', 'flooding', 'ballot', 'Vote']",flooding
41,2022-10-24 15:14:13,marthavalenta,"Gas are high . Inflation . How we move forward after the unprecedented drought , fire , flooding , and .... after seeing these early of Climate Change is on the ballot . Vote","['unprecedented drought', 'Climate Change', 'Gas', 'Inflation', 'fire', 'flooding', 'ballot', 'Vote']",ballot
41,2022-10-24 15:14:13,marthavalenta,"Gas are high . Inflation . How we move forward after the unprecedented drought , fire , flooding , and .... after seeing these early of Climate Change is on the ballot . Vote","['unprecedented drought', 'Climate Change', 'Gas', 'Inflation', 'fire', 'flooding', 'ballot', 'Vote']",Vote
42,2022-10-24 14:57:37,raji_xo,Need this flood in to stop just so that the international community ‚Äô t lump us into their climate change agenda Our government ‚Äô s incompetence is .,"['climate change agenda', 'government  s incompetence', 'international community', 'flood']",climate change agenda
42,2022-10-24 14:57:37,raji_xo,Need this flood in to stop just so that the international community ‚Äô t lump us into their climate change agenda Our government ‚Äô s incompetence is .,"['climate change agenda', 'government  s incompetence', 'international community', 'flood']",government  s incompetence
42,2022-10-24 14:57:37,raji_xo,Need this flood in to stop just so that the international community ‚Äô t lump us into their climate change agenda Our government ‚Äô s incompetence is .,"['climate change agenda', 'government  s incompetence', 'international community', 'flood']",international community
42,2022-10-24 14:57:37,raji_xo,Need this flood in to stop just so that the international community ‚Äô t lump us into their climate change agenda Our government ‚Äô s incompetence is .,"['climate change agenda', 'government  s incompetence', 'international community', 'flood']",flood
43,2022-10-24 14:38:39,alexblac_ink,"State people , one of the most vulnerable in of flood and climate change , are the always the impact of climate change the most . You people won ' t take now that it ' s still early .","['climate change', 'State people', 'flood', 'impact']",climate change
43,2022-10-24 14:38:39,alexblac_ink,"State people , one of the most vulnerable in of flood and climate change , are the always the impact of climate change the most . You people won ' t take now that it ' s still early .","['climate change', 'State people', 'flood', 'impact']",State people
43,2022-10-24 14:38:39,alexblac_ink,"State people , one of the most vulnerable in of flood and climate change , are the always the impact of climate change the most . You people won ' t take now that it ' s still early .","['climate change', 'State people', 'flood', 'impact']",flood
43,2022-10-24 14:38:39,alexblac_ink,"State people , one of the most vulnerable in of flood and climate change , are the always the impact of climate change the most . You people won ' t take now that it ' s still early .","['climate change', 'State people', 'flood', 'impact']",impact
44,2022-10-24 14:27:44,ekpesfrancis,‚Äú The program is a well - thought out answer to the global value chain disruption by the the Crises as well as the flood by climate change ‚Äù ~ Vice President ably the President of,"['global value chain disruption', 'climate change', 'Vice President', 'program', 'answer', 'Crises', 'flood']",global value chain disruption
44,2022-10-24 14:27:44,ekpesfrancis,‚Äú The program is a well - thought out answer to the global value chain disruption by the the Crises as well as the flood by climate change ‚Äù ~ Vice President ably the President of,"['global value chain disruption', 'climate change', 'Vice President', 'program', 'answer', 'Crises', 'flood']",climate change
44,2022-10-24 14:27:44,ekpesfrancis,‚Äú The program is a well - thought out answer to the global value chain disruption by the the Crises as well as the flood by climate change ‚Äù ~ Vice President ably the President of,"['global value chain disruption', 'climate change', 'Vice President', 'program', 'answer', 'Crises', 'flood']",Vice President
44,2022-10-24 14:27:44,ekpesfrancis,‚Äú The program is a well - thought out answer to the global value chain disruption by the the Crises as well as the flood by climate change ‚Äù ~ Vice President ably the President of,"['global value chain disruption', 'climate change', 'Vice President', 'program', 'answer', 'Crises', 'flood']",program
44,2022-10-24 14:27:44,ekpesfrancis,‚Äú The program is a well - thought out answer to the global value chain disruption by the the Crises as well as the flood by climate change ‚Äù ~ Vice President ably the President of,"['global value chain disruption', 'climate change', 'Vice President', 'program', 'answer', 'Crises', 'flood']",answer
44,2022-10-24 14:27:44,ekpesfrancis,‚Äú The program is a well - thought out answer to the global value chain disruption by the the Crises as well as the flood by climate change ‚Äù ~ Vice President ably the President of,"['global value chain disruption', 'climate change', 'Vice President', 'program', 'answer', 'Crises', 'flood']",Crises
44,2022-10-24 14:27:44,ekpesfrancis,‚Äú The program is a well - thought out answer to the global value chain disruption by the the Crises as well as the flood by climate change ‚Äù ~ Vice President ably the President of,"['global value chain disruption', 'climate change', 'Vice President', 'program', 'answer', 'Crises', 'flood']",flood
45,2022-10-24 14:13:40,SGirl15,"Explode after Extreme Flooding and Other Climate : ‚Äú Climate change ‚Äô s ‚Äô t the same across the world : The warmer atmosphere is holding more water , and rain are growing more extreme .‚Äù - Scientific","['Extreme Flooding', 'Other Climate', 'Climate change', 'warmer atmosphere', 'world', 'water', 'rain', 'Scientific']",Extreme Flooding
45,2022-10-24 14:13:40,SGirl15,"Explode after Extreme Flooding and Other Climate : ‚Äú Climate change ‚Äô s ‚Äô t the same across the world : The warmer atmosphere is holding more water , and rain are growing more extreme .‚Äù - Scientific","['Extreme Flooding', 'Other Climate', 'Climate change', 'warmer atmosphere', 'world', 'water', 'rain', 'Scientific']",Other Climate
45,2022-10-24 14:13:40,SGirl15,"Explode after Extreme Flooding and Other Climate : ‚Äú Climate change ‚Äô s ‚Äô t the same across the world : The warmer atmosphere is holding more water , and rain are growing more extreme .‚Äù - Scientific","['Extreme Flooding', 'Other Climate', 'Climate change', 'warmer atmosphere', 'world', 'water', 'rain', 'Scientific']",Climate change
45,2022-10-24 14:13:40,SGirl15,"Explode after Extreme Flooding and Other Climate : ‚Äú Climate change ‚Äô s ‚Äô t the same across the world : The warmer atmosphere is holding more water , and rain are growing more extreme .‚Äù - Scientific","['Extreme Flooding', 'Other Climate', 'Climate change', 'warmer atmosphere', 'world', 'water', 'rain', 'Scientific']",warmer atmosphere
45,2022-10-24 14:13:40,SGirl15,"Explode after Extreme Flooding and Other Climate : ‚Äú Climate change ‚Äô s ‚Äô t the same across the world : The warmer atmosphere is holding more water , and rain are growing more extreme .‚Äù - Scientific","['Extreme Flooding', 'Other Climate', 'Climate change', 'warmer atmosphere', 'world', 'water', 'rain', 'Scientific']",world
45,2022-10-24 14:13:40,SGirl15,"Explode after Extreme Flooding and Other Climate : ‚Äú Climate change ‚Äô s ‚Äô t the same across the world : The warmer atmosphere is holding more water , and rain are growing more extreme .‚Äù - Scientific","['Extreme Flooding', 'Other Climate', 'Climate change', 'warmer atmosphere', 'world', 'water', 'rain', 'Scientific']",water
45,2022-10-24 14:13:40,SGirl15,"Explode after Extreme Flooding and Other Climate : ‚Äú Climate change ‚Äô s ‚Äô t the same across the world : The warmer atmosphere is holding more water , and rain are growing more extreme .‚Äù - Scientific","['Extreme Flooding', 'Other Climate', 'Climate change', 'warmer atmosphere', 'world', 'water', 'rain', 'Scientific']",rain
45,2022-10-24 14:13:40,SGirl15,"Explode after Extreme Flooding and Other Climate : ‚Äú Climate change ‚Äô s ‚Äô t the same across the world : The warmer atmosphere is holding more water , and rain are growing more extreme .‚Äù - Scientific","['Extreme Flooding', 'Other Climate', 'Climate change', 'warmer atmosphere', 'world', 'water', 'rain', 'Scientific']",Scientific
46,2022-10-24 14:08:14,jeanmchard,When will those in power understand that we cannot continue to react to climate change ? At some point there will be one flood or fire or storm too many and no way to rebuild . Stop doing which make worse . No more fossil fuel / expansion .,"['climate change', 'one flood', 'fossil fuel', 'power', 'point', 'fire', 'storm', 'way', 'expansion']",climate change
46,2022-10-24 14:08:14,jeanmchard,When will those in power understand that we cannot continue to react to climate change ? At some point there will be one flood or fire or storm too many and no way to rebuild . Stop doing which make worse . No more fossil fuel / expansion .,"['climate change', 'one flood', 'fossil fuel', 'power', 'point', 'fire', 'storm', 'way', 'expansion']",one flood
46,2022-10-24 14:08:14,jeanmchard,When will those in power understand that we cannot continue to react to climate change ? At some point there will be one flood or fire or storm too many and no way to rebuild . Stop doing which make worse . No more fossil fuel / expansion .,"['climate change', 'one flood', 'fossil fuel', 'power', 'point', 'fire', 'storm', 'way', 'expansion']",fossil fuel
46,2022-10-24 14:08:14,jeanmchard,When will those in power understand that we cannot continue to react to climate change ? At some point there will be one flood or fire or storm too many and no way to rebuild . Stop doing which make worse . No more fossil fuel / expansion .,"['climate change', 'one flood', 'fossil fuel', 'power', 'point', 'fire', 'storm', 'way', 'expansion']",power
46,2022-10-24 14:08:14,jeanmchard,When will those in power understand that we cannot continue to react to climate change ? At some point there will be one flood or fire or storm too many and no way to rebuild . Stop doing which make worse . No more fossil fuel / expansion .,"['climate change', 'one flood', 'fossil fuel', 'power', 'point', 'fire', 'storm', 'way', 'expansion']",point
46,2022-10-24 14:08:14,jeanmchard,When will those in power understand that we cannot continue to react to climate change ? At some point there will be one flood or fire or storm too many and no way to rebuild . Stop doing which make worse . No more fossil fuel / expansion .,"['climate change', 'one flood', 'fossil fuel', 'power', 'point', 'fire', 'storm', 'way', 'expansion']",fire
46,2022-10-24 14:08:14,jeanmchard,When will those in power understand that we cannot continue to react to climate change ? At some point there will be one flood or fire or storm too many and no way to rebuild . Stop doing which make worse . No more fossil fuel / expansion .,"['climate change', 'one flood', 'fossil fuel', 'power', 'point', 'fire', 'storm', 'way', 'expansion']",storm
46,2022-10-24 14:08:14,jeanmchard,When will those in power understand that we cannot continue to react to climate change ? At some point there will be one flood or fire or storm too many and no way to rebuild . Stop doing which make worse . No more fossil fuel / expansion .,"['climate change', 'one flood', 'fossil fuel', 'power', 'point', 'fire', 'storm', 'way', 'expansion']",way
46,2022-10-24 14:08:14,jeanmchard,When will those in power understand that we cannot continue to react to climate change ? At some point there will be one flood or fire or storm too many and no way to rebuild . Stop doing which make worse . No more fossil fuel / expansion .,"['climate change', 'one flood', 'fossil fuel', 'power', 'point', 'fire', 'storm', 'way', 'expansion']",expansion
47,2022-10-24 14:04:25,WRIRossCities,"In City , urban poor and the local government are more affordable , flood - resilient housing while to climate change . Learn more :","['local government', 'resilient housing', 'climate change', 'City', 'urban', 'flood']",local government
47,2022-10-24 14:04:25,WRIRossCities,"In City , urban poor and the local government are more affordable , flood - resilient housing while to climate change . Learn more :","['local government', 'resilient housing', 'climate change', 'City', 'urban', 'flood']",resilient housing
47,2022-10-24 14:04:25,WRIRossCities,"In City , urban poor and the local government are more affordable , flood - resilient housing while to climate change . Learn more :","['local government', 'resilient housing', 'climate change', 'City', 'urban', 'flood']",climate change
47,2022-10-24 14:04:25,WRIRossCities,"In City , urban poor and the local government are more affordable , flood - resilient housing while to climate change . Learn more :","['local government', 'resilient housing', 'climate change', 'City', 'urban', 'flood']",City
47,2022-10-24 14:04:25,WRIRossCities,"In City , urban poor and the local government are more affordable , flood - resilient housing while to climate change . Learn more :","['local government', 'resilient housing', 'climate change', 'City', 'urban', 'flood']",urban
47,2022-10-24 14:04:25,WRIRossCities,"In City , urban poor and the local government are more affordable , flood - resilient housing while to climate change . Learn more :","['local government', 'resilient housing', 'climate change', 'City', 'urban', 'flood']",flood
48,2022-10-24 14:02:47,NnaanyiMmanya,blaming this flood on climate change solely are incredibly dense and exasperating .,"['climate change', 'flood']",climate change
48,2022-10-24 14:02:47,NnaanyiMmanya,blaming this flood on climate change solely are incredibly dense and exasperating .,"['climate change', 'flood']",flood
49,2022-10-24 13:57:10,kasolyte,"Flooding in , , , and is to ? ... Unfortunately the same person that said he will not respond to climate change if the west to provide the finance donated 100m to the flood in unflooded","['same person', 'climate change', 'west', 'finance', 'flood']",same person
49,2022-10-24 13:57:10,kasolyte,"Flooding in , , , and is to ? ... Unfortunately the same person that said he will not respond to climate change if the west to provide the finance donated 100m to the flood in unflooded","['same person', 'climate change', 'west', 'finance', 'flood']",climate change
49,2022-10-24 13:57:10,kasolyte,"Flooding in , , , and is to ? ... Unfortunately the same person that said he will not respond to climate change if the west to provide the finance donated 100m to the flood in unflooded","['same person', 'climate change', 'west', 'finance', 'flood']",west
49,2022-10-24 13:57:10,kasolyte,"Flooding in , , , and is to ? ... Unfortunately the same person that said he will not respond to climate change if the west to provide the finance donated 100m to the flood in unflooded","['same person', 'climate change', 'west', 'finance', 'flood']",finance
49,2022-10-24 13:57:10,kasolyte,"Flooding in , , , and is to ? ... Unfortunately the same person that said he will not respond to climate change if the west to provide the finance donated 100m to the flood in unflooded","['same person', 'climate change', 'west', 'finance', 'flood']",flood
